unique_id,sic_section,sic2007_employee,sic2007_self_employed,sic_ind1,sic_ind2,sic_ind3,sic_ind_code_flag,soc2020_job_title,soc2020_job_description,sic_ind_occ1,sic_ind_occ2,sic_ind_occ3,sic_ind_occ_flag
EV000025,M,ACADEMIC RESEARCH,-9,NA,NA,NA,NA,POSTDOCTORAL RESEARCH ASSOCIATE,ACADEMIC RESEARCH IN ALZHEIMER S DISEASE,8542x,NA,NA,CC
EV000027,M,ACADEMIC RESEARCH,-9,NA,NA,NA,NA,SENIOR TECHNICAL OPERATIONS MANAGER,RESEARCH LABORATORY MANAGEMEENT,72200,NA,NA,CC
EV000057,M,-9,ACCOUNTANCY,NA,NA,NA,NA,BOOKKEEPER ACCOUNTANT,BOOKKEEPING,69202,NA,NA,CC
EV000064,M,-9,ACCOUNTANCY,NA,NA,NA,NA,CHARTERED TAX ADVISER,TAX ADVICE,69203,NA,NA,CC
EV000099,M,-9,ACCOUNTANCY,NA,NA,NA,NA,BOOKKEEPING ACCOUNTANCY,ACCOUNTANCY,6920x,NA,NA,CC
EV000122,M,ACCOUNTANCY AND TAX ADVISORY SERVICES,-9,NA,NA,NA,NA,TAX MANAGER,PREPARATION OF PERSONAL TAX RETURNS  PROVIDING TAX ADVICE,6920x,NA,NA,CC
EV000126,M,ACCOUNTANCY AND TAXATION SERVICES,-9,NA,NA,NA,NA,ACCOUNTANT,ACCOUNTANCY SERVICES,6920x,NA,NA,CC
EV000129,M,ACCOUNTANCY AND TAXATION SERVICES,-9,NA,NA,NA,NA,COMPANY SECRETARY,ADMIN ASSISTANCE,6920x,NA,NA,CC
EV000133,M,ACCOUNTANCY BODY,-9,NA,NA,NA,NA,EXAM DELIVERY MANAGER,MANAGES THE DELIVERY OF PROFESSIONAL EXAMS,94120,NA,NA,CC
EV000136,M,ACCOUNTANCY BUSINESS,-9,NA,NA,NA,NA,ACCOUNTS ASSISTANT,PAYROLL  VAT RETURNS  BOOKKEEPING  ADMIN,6920x,NA,NA,CC
EV000142,M,ACCOUNTANCY PRACTISE,-9,NA,NA,NA,NA,BOOKK,ACCOUNTACY,6920x,NA,NA,CC
EV000143,M,-9,ACCOUNTANCY SO CLIENT BOOK KEEPING  PAYROLL  TAX RETURNS ETC,NA,NA,NA,NA,ACCOUNTING,CLIENT PAYROLL  CLIENT ACCOUNTS  CLIENT TAX RETURNS  CLIENT BOOK KEEPING,6920x,NA,NA,CC
EV000146,M,-9,ACCOUNTING,NA,NA,NA,NA,BOOKKEEPER,ACCOUNTS,6920x,NA,NA,CC
EV000147,M,-9,ACCOUNTING,NA,NA,NA,NA,ACCOUNTANT,BOOK KEEPING,6920x,NA,NA,CC
EV000148,M,-9,ACCOUNTING,NA,NA,NA,NA,BOOK KEEPER,MANAGE PEOPLES ACCOUNTS,6920x,NA,NA,CC
EV000151,M,-9,ACCOUNTING,NA,NA,NA,NA,BOOKKEEPER,ACCOUNTING,6920x,NA,NA,CC
EV000156,M,-9,ACCOUNTING,NA,NA,NA,NA,BOOK KEEPING,ACCOUNTANCY,6920x,NA,NA,CC
EV000157,M,-9,ACCOUNTING,NA,NA,NA,NA,ACCOUNTANT AND BOOKEEPER,ACCOUNTING,6920x,NA,NA,CC
EV000165,M,-9,ACCOUNTING FOR BUSINESSES  ISSUE PAYROL  QUOTING  END OF YEAR TAX RETURNS,NA,NA,NA,NA,ACCOUNTANT,PAYROL  ACCOUNTS,6920x,NA,NA,CC
EV000166,M,ACCOUNTING PRACTICE,-9,NA,NA,NA,NA,BOOKKEEPER,PAYROLL,6920x,NA,NA,CC
EV000193,M,-9,ACCOUNTING SERVICES,NA,NA,NA,NA,ACCOUNTING SERVICES,BOOK KEEPING,6920x,NA,NA,CC
EV000195,M,-9,ACCOUNTING SERVICES,NA,NA,NA,NA,BOOKKEE,BOOKKEEPING  ACCOUNTS,6920x,NA,NA,CC
EV000199,M,ACCOUNTS,-9,NA,NA,NA,NA,ACCOUNTANT,ACCOUNTS,69201,NA,NA,CC
EV000202,M,ACCOUNTS,-9,NA,NA,NA,NA,COMPANY SECRETARY,ACCOUNTS   ADMIN,-9,NA,NA,CC
EV000210,M,ACCOUNTS,-9,NA,NA,NA,NA,FINANCIAL ASSISTANT,ACCOUNTS  BILLS,-9,NA,NA,CC
EV000214,M,ACCOUNTS,-9,NA,NA,NA,NA,PURCHASE LEDGER CLERK,ACCOUNTS,-9,NA,NA,CC
EV000220,M,ACCOUNTS,-9,NA,NA,NA,NA,OFFICE MANAGER,ACCOUNTS,-9,NA,NA,CC
EV000223,M,ACCOUNTS,-9,NA,NA,NA,NA,ADMINISTRATION ASSISTANT,PURCHASE   SALES LEDGER,-9,NA,NA,CC
EV000224,M,ACCOUNTS,-9,NA,NA,NA,NA,ADMINISTRATOR,OFFICE DUTIES,-9,NA,NA,CC
EV000226,M,ACCOUNTS,-9,NA,NA,NA,NA,PAYROLL MANAGER,PAYROLL MANAGER FOR ACCOUNTANT,69201,NA,NA,CC
EV000227,M,ACCOUNTS,-9,NA,NA,NA,NA,ACCOUNTS CLERK,ACCOUNTANCY,69201,NA,NA,CC
EV000232,M,ACCOUNTS,-9,NA,NA,NA,NA,TRAINEE ACCO,TAX RETURNS,69201,NA,NA,CC
EV000233,M,ACCOUNTS,-9,NA,NA,NA,NA,ADMIN WORK,ADMIN WORK,-9,NA,NA,CC
EV000236,M,ACCOUNTS,-9,NA,NA,NA,NA,ACCOUNTANT,ACCOUNTING,69201,NA,NA,CC
EV000237,M,ACCOUNTS,-9,NA,NA,NA,NA,ACCOUNTS RECEIVALE CLERK,PREPARES ACCOUNTS,69201,NA,NA,CC
EV000241,M,ACCOUNTS,-9,NA,NA,NA,NA,TRANING,ACCOUNTS,-9,NA,NA,CC
EV000243,M,ACCOUNTS,-9,NA,NA,NA,NA,ADMIN ASSISTANT,ADMIN,-9,NA,NA,CC
EV000247,M,ACCOUNTS,-9,NA,NA,NA,NA,ACCOUNTANT,ACCOUNTS,69201,NA,NA,CC
EV000250,M,ACCOUNTS,-9,NA,NA,NA,NA,ACCOUNTANT,ACCOUNTANT,69201,NA,NA,CC
EV000281,Q,ACUTE HEALTH CARE,-9,NA,NA,NA,NA,RESEARCH NURSE,HEALTH CARE RESEARCH,86xxx,NA,NA,CC
EV000295,Q,ACUTE HEALTHCARE,-9,NA,NA,NA,NA,SENIOR PHYSIOTHERAPIST,LOOK AFTER PATIENTS,86900,NA,NA,CC
EV000296,Q,ACUTE HEALTHCARE,-9,NA,NA,NA,NA,NURSE SPECIALIST,ASSESS CARE NEEDS OF VARIETY OF PATIENTS  PERORM DIAGNOSTICS TO OFFER SIAGNOSIS AND IMPLEMENT TREATMENT PLAN,86xxx,NA,NA,CC
EV000302,Q,ACUTE HOSPITAL,-9,NA,NA,NA,NA,MEDICAL DOCTOR,MEDICAL DOCTOR,86101,NA,NA,CC
EV000316,Q,ACUTE HOSPITAL,-9,NA,NA,NA,NA,AUDIOLOGIST,NHS TRUST COUNTESS OF CHESTER HOSPITAL,86101,NA,NA,CC
EV000345,Q,ACUTE NHS HOSPITAL,-9,NA,NA,NA,NA,TEAM LEAD RESPIRATORY PHYSIOTHERAPIST,PHYSIOTHERAPY FOR RESPIRATORY CONDITIONS AND ICU,86101,NA,NA,CC
EV000350,Q,ACUTE NHS TRUST,-9,NA,NA,NA,NA,PERSONAL ASSISTANT TO CLINICAL MANAGEMENT TEAM,SUPPORTING THE CLINICAL DIRECTOR  HEAD OF OPERATIONS AND DEPUTY CDS ON A DAY TO DAY BASIS INCLUDING MANAGING MEETINGS  TAKING MINUTES AND UNDERTAKING ALLOCATED ACTIONS,86xxx,NA,NA,CC
EV000410,G,ADMIN,-9,NA,NA,NA,NA,ADMIN,RETAIL,4+,NA,NA,CC
EV000433,N,-9,ADMIN SERVICES,NA,NA,NA,NA,ADMINISTRATOR,SUPPORT CLIENTS WITH SMALL BUSINESSES,82110,NA,NA,MC
EV000450,O,ADMINISTRATION,-9,NA,NA,NA,NA,CIVIL SERVANT,WOTK COACH,84xxx,NA,NA,MC
EV000466,O,ADMINISTRATION,-9,NA,NA,NA,NA,HUB MANAGER,HM PRISON  SERVICE,84230,NA,NA,MC
EV000467,P,ADMINISTRATION,-9,NA,NA,NA,NA,ACADEMIC DATA MANAGER,DATA MANGER AT A SCHOOL,85xxx,NA,NA,MC
EV000508,N,-9,ADMINISTRATION,NA,NA,NA,NA,ADMINISTRATION ASSISTANT,ADMINISTRATION,82110,NA,NA,MC
EV000521,N,-9,ADMINISTRATION SERVICES,NA,NA,NA,NA,SHAREHOLDER,ADMINISTRATION,82110,NA,NA,MC
EV000609,Q,ADULT SOCIAL CARE,-9,NA,NA,NA,NA,REABLEMENT SUPPORT WORKER,SUPPORT WITH DAILY LIVING TASKS,88100,88990,NA,CC
EV000614,Q,ADULT SOCIAL CARE,-9,NA,NA,NA,NA,AFTERCARE PRACTITIONER,I WORK WORK PEOPLE WHO HAVE SUBSTANCE MISUSE ISSUES,87200,87900,88990,CC
EV000636,Q,ADULT SOCIAL CARE,-9,NA,NA,NA,NA,SOCIAL WORKER,WORKING WITH ADULTS WHO HAVE CARE NEEDS,87xxx,88100,88990,CC
EV000675,Q,ADULT SOCIAL CARE,-9,NA,NA,NA,NA,ENABLEMENT COORDINATOR,COMMUNITY WORK,88100,88990,NA,CC
EV000708,Q,ADULT SOCIAL CARE,-9,NA,NA,NA,NA,SUPPORT WORKER,SUPPORT ADULTS WITH ADDITIONAL NEEDS,87xxx,88100,88990,CC
EV000770,C,AERONAUTICAL ENGINEERING,-9,NA,NA,NA,NA,ENGINEER,WORK OUT WEIGHTS OF HELICOPTER SO THAT ALL THE KIT IS DISTRIBUTED EVENLY,30300,NA,NA,CC
EV000773,O,AEROSPACE   DEFENCE,-9,NA,NA,NA,NA,CORPORATE M A SENIOR MANAGER,CORPORATE M A,84220,NA,NA,MC
EV000795,C,AEROSPACE INDUSTRY,-9,NA,NA,NA,NA,MAINTENCE ENGINEER,FIXES THE PLANT EQUIPMENT FOR THE MANUFACTURING OF TURBINE ENGINE COMPONENTS,30300,NA,NA,CC
EV000876,A,AGRICULTURE,-9,NA,NA,NA,NA,MILKING COWS,MILK COWS,1410,NA,NA,MC
EV000919,H,AIR TRAFFIC CONTROL,-9,NA,NA,NA,NA,HEAD OF SUPPLIER RELATIONSHIPS,MANAGES SUPPLIER RELATIONSHIPS AND PROCUREMENT ACTIVITIES,52230,NA,NA,MC
EV000926,H,AIR TRAFFIC CONTROL,-9,NA,NA,NA,NA,JUNIOR PROJECT MANAGER,PROJECT MANAGEMENT,52230,NA,NA,MC
EV000931,N,-9,AIRBNB,NA,NA,NA,NA,AIRBNB CLEANER,TIDY UP THE AIRBNBS AFTER CHECK OUT,81210,NA,NA,MC
EV000950,H,AIRLINE COMPANY,-9,NA,NA,NA,NA,CUSTOMER SERVICES ADVISOR,ARRANGE AIRLINE BOOKINGS,51xxx,NA,NA,MC
EV000953,H,AIRLINE OPERATIONS,-9,NA,NA,NA,NA,OPERATIONS OFFICER,24 7 AIRLINE OPERATIONS CONTROL SUPPORT,51xxx,NA,NA,MC
EV000966,H,AIRPORT SECURITY,-9,NA,NA,NA,NA,AIRPORT SECURITY,SECURITY OFFICER,52230,NA,NA,MC
EV000984,S,-9,ALTER CLOTHES,NA,NA,NA,NA,TAILORESS,CLOTHING ALTERATIONS,95290,NA,NA,MC
EV001023,C,ANIMAL FEED MANUFACTURE,-9,NA,NA,NA,NA,HGV DRIVER,DELIVER ANIMAL FEED,10910,10920,NA,CC
EV001026,C,ANIMAL FEED PRODUCTION,-9,NA,NA,NA,NA,QUALITY CONTROL ASSISTANT,PERFORM QUALITY CONTROL CHECKS ON ANIMAL FEEDS,10910,10920,NA,CC
EV001065,M,-9,ARCHITECTURAL DESIGN AND MANAGEMENT,NA,NA,NA,NA,ARCHITECTURAL CONSULTANCY,MANAGING DIRECTOR,7111x,NA,NA,CC
EV001066,M,-9,ARCHITECTURAL DESIGN AND MANAGEMENT,NA,NA,NA,NA,ARCHITECT,SEE RIBA FOR JOB DISCRIPTION,7111x,NA,NA,CC
EV001069,M,ARCHITECTURAL DESIGN SERVICES,-9,NA,NA,NA,NA,ARCHITECT,ARCHITECTURAL DESIGN,7111x,NA,NA,CC
EV001070,M,-9,ARCHITECTURAL WORK,NA,NA,NA,NA,ARCHITECTURAL TECHNOLOGIST,MEASURE BUILDINGS  DESIGN BUILDINGS  EXTENSIONS AND CONVERSIONS  DRAW PLANS FOR PLANNING AND BUILDING REGULATIONS,71111,NA,NA,CC
EV001071,M,-9,ARCHITECTURAL WORK,NA,NA,NA,NA,ARCHITECT,ALL THAT IS INVOLVED IN SUPPORTING A CLIENT THROUGH THE BUILDING PROCESS FROM REFINING THEIR BRIEF THROUGH SKETCH OPTIONS TO COMPLETION OF THE BUILDING WORK,71111,NA,NA,CC
EV001075,M,ARCHITECTURE AND DESIGN,-9,NA,NA,NA,NA,SENIOR DESIGN MANAGER,DEAL WITH THE BUSINESS AND CONTRACTUAL ASPECTS OF ARCHITECTURE REALM,7111x,NA,NA,CC
EV001077,M,ARCHITECTURE AND DESIGN,-9,NA,NA,NA,NA,PROJECT ARCHITECT,ARCHITECT,7111x,NA,NA,CC
EV001080,M,ARCHITECTURE AND DESIGN,-9,NA,NA,NA,NA,ARCHITECT,DESIGN AND TECHNICAL,7111x,NA,NA,CC
EV001081,M,ARCHITECTURE AND DESIGN,-9,NA,NA,NA,NA,ARCHITECTURAL TECHNOLO,ARCHITECTURAL WORK,7111x,NA,NA,CC
EV001084,M,ARCHITECTURE DESIGN,-9,NA,NA,NA,NA,ARCHITECTURE TECHNIC,DRAWING OF PLANS AND GAINING PLANNING PERMISSION,7111x,NA,NA,CC
EV001085,M,ARCHITECTURE DESIGN,-9,NA,NA,NA,NA,INFOGRAPHIC DESIGNER,DIAGRAM DRAWING,7111x,NA,NA,CC
EV001087,M,ARCHITECTURE PRACTICE,-9,NA,NA,NA,NA,ASSISTANT ARCHITECT,BUILDING SURVEYS  PLANNING APPLICATIONS  BUILDING REGULATION APPLICATIONS,71111,NA,NA,CC
EV001092,S,ARRANGE FUNERALS,-9,NA,NA,NA,NA,FUNERAL ARRANGER,FUNERALCARE FUNERAL DIRECTOR,96030,NA,NA,MC
EV001120,R,-9,ART,NA,NA,NA,NA,ARTIST,ART,90030,NA,NA,MC
EV001122,R,-9,ART,NA,NA,NA,NA,ARTIST,MAKE ARTWORK,90030,NA,NA,MC
EV001128,G,-9,ART SHOP  GALLERY AND STUDIO SPACE,NA,NA,NA,NA,DIRECTOR,DIRECTOR OF SAKURA STUDIO GALLERY LIMITED,47781,NA,NA,CC
EV001137,R,-9,ARTWORKS,NA,NA,NA,NA,ARTIST,CREATIVE PRACTICIONER INCLUDING RESEARCH AND EXHIBITIONS,90030,NA,NA,MC
EV001145,A,-9,AS PER PREVIOUS ANSWER,NA,NA,NA,NA,FARMING   REPAIRS AND MAINTENANCE FOR LOG CABIN HOLIDAY LETS,SHEEP AND SUCKLER COW WELFARE   CROP MANAGEMENT  REPAIRS AND MAINTENANCE BUILDING WORK PN THE FARM AND HOLIDAY LETS  MECHANICAL REPAIRS TO FARM IMPLEMENTS ETC,014xx,NA,NA,MC
EV001157,E,ASBESTOS CONSULTANCY,-9,NA,NA,NA,NA,ASBESTOS CONSULTANT,ADVISE CLIENTS REGARDING ANY ACM S THAT THEY HAVE ON SITE  CARRY OUT ASBESTOS SURVEYS AND AIR MONITORING REGARDING ASBESTOS WORKS,39000,NA,NA,MC
EV001187,K,ASSET MANAGEMENT,-9,NA,NA,NA,NA,ACCOUNTANT,PROJECT ACCOUNTANT  FINANCIAL REPORTING AND PREPARE MANAGEMENT ACCOUNTS AND FINANCIAL MODELLING FOR 5 LARGE INFRASTRUCTURE ASSETS HELD IN A FTSE 250 COMPANY,66300,NA,NA,MC
EV001215,K,ASSET MANAGEMENT,-9,NA,NA,NA,NA,OPERATIONS ADMINISTRATOR,ADMINISTRATION,66300,NA,NA,MC
EV001265,K,ASSET MANAGEMENT,-9,NA,NA,NA,NA,GLOBAL SECTOR SPECIALIST,EQUITIES RESEARCH   INVESTMENT,66300,NA,NA,MC
EV001286,G,ASSISTING CUSTOMERS,-9,NA,NA,NA,NA,CUSTOMER SERVICE,PET SUPPLIES,-9,NA,NA,CC
EV001312,M,AUTOMOTIVE ENGINEERING,-9,NA,NA,NA,NA,DIRECTOR,CHAIR THE BOARD  SUPPORT EXECUTIVE DIRECTORS WITH STRATEGIC DECISIONS,71121,29100,293xx,CC
EV001314,M,AUTOMOTIVE ENGINEERING,-9,NA,NA,NA,NA,GROUP LEADER SEATING ENGINEER,MANAGE ENGINEERS PROJECTS,71121,29100,293xx,CC
EV001315,M,AUTOMOTIVE ENGINEERING,-9,NA,NA,NA,NA,MAINTENANCE ENGINEER,ELECTRICAL ENGINEERING,71121,29100,293xx,CC
EV001318,M,AUTOMOTIVE ENGINEERING,-9,NA,NA,NA,NA,HEAD OF ADAS AND AD SYSTEMS AND SOFTWARE,DEVELOP ADAS AND AD SOFTWARE,71121,29100,293xx,CC
EV001336,G,AUTOMOTIVE INDUSTRY,-9,NA,NA,NA,NA,RECEPTIONIST,MANAGING THE RECEPTION AREA MANAGING INCOMING AND OUTGOING CORRESPONDENCE AND PARCELS PROVIDING SUPPORT WITH ADMINISTRATIVE DUTIES ACROSS OTHER FUNCTIONS OF THE BUSINESS MANAGING AND UPDATING TRAINING RECORDS FOR THE HR DEPARTMENT MAINTAINING AND UPDATING THE DRUG AND ALCOHOL TRACKER FOR THE HR OPERATIONS TEAM SCHEDULING AND CO ORDINATING MEETING ROOMS MANAGING INCOMING PHONE CALLS AND DIRECTING THEM APPROPRIATELY WELCOMING AND PROVIDING SUPPORT TO ALL VISITORS,4511x,NA,NA,CC
EV001345,C,AUTOMOTIVE MANUFACTURE,-9,NA,NA,NA,NA,DESIGN ENGINEER,AUTOMOTIVE DESIGN ENGINEER DEVELOPING TYRES FOR JAGUAR LAND ROVER,29100,NA,NA,MC
EV001348,C,AUTOMOTIVE MANUFACTURE,-9,NA,NA,NA,NA,SOFTWARE ARCHITECT,SOFTWARE ARCHITECTURE DESIGN AND SPECIFICATION,29100,NA,NA,MC
EV001352,C,AUTOMOTIVE MANUFACTURE,-9,NA,NA,NA,NA,MATERIALS ENGINEER   METALLURGIST,MATERIALS TESTING,29100,NA,NA,MC
EV001357,C,AUTOMOTIVE MANUFACTURER,-9,NA,NA,NA,NA,HEAD OF ARTIFICIAL INTELLIGENCE,DEVELOP AI SOLUTIONS FOR MY EMPLOYER,29100,NA,NA,MC
EV001362,C,AUTOMOTIVE MANUFACTURER,-9,NA,NA,NA,NA,SECURITY AND EMERGENCY OFFICER,INDUSTRIAL FIRE FIGHTER AND MEDICAL RESP,29100,NA,NA,MC
EV001364,C,AUTOMOTIVE MANUFACTURER,-9,NA,NA,NA,NA,SOFTWARE ARCHITECT,DESIGN AND SPECIFY SOFTWARE SYSTEMS,29100,NA,NA,MC
EV001366,C,AUTOMOTIVE MANUFACTURER,-9,NA,NA,NA,NA,SENIOR SUPPLIER QUALITY ASSURANCE ENGINEER,SUPPLIER QUALITY ASSURANCE,29100,NA,NA,MC
EV001383,C,AUTOMOTIVE MANUFACTURING,-9,NA,NA,NA,NA,ASSEMBLY SENIOR SUPERVISOR,DAY TO DAY RUNNING OF AN ASSEMBLY DEPARTMENT,29100,NA,NA,MC
EV001388,C,AUTOMOTIVE MANUFACTURING,-9,NA,NA,NA,NA,SUPERVISOR,SUPERVISE,29100,NA,NA,MC
EV001415,G,BAKERY   YES IT S A BAKERY,-9,NA,NA,NA,NA,DELIVERY DRIVER,DELIVER BREAD  CAKES AND CONFECTIONERY TO SHOPS,10710,46360,47240,CC
EV001419,G,BAKERY AND CAFE,-9,NA,NA,NA,NA,RETAIL ASSISTANT,SERVE CUSTOMERS,10710,47240,5610x,CC
EV001421,G,-9,BAKING AND CAKEMAKING,NA,NA,NA,NA,BAKER,I BAKE AND DECORATE CAKES,10710,10720,NA,CC
EV001460,K,BANK,-9,NA,NA,NA,NA,VICE PRESIDENT,ADMIN,64191,NA,NA,MC
EV001469,K,BANK,-9,NA,NA,NA,NA,CONDUCT RISK MANAGER,BANKING   RISK,64191,NA,NA,MC
EV001474,K,BANK,-9,NA,NA,NA,NA,BANKER,CUSTOMER SERVICE,64191,NA,NA,MC
EV001475,K,BANK,-9,NA,NA,NA,NA,CORPORATE ACTIONS CONSULTANT,CORPORATE ACTIONS PROCESSING,64191,NA,NA,MC
EV001509,K,BANK,-9,NA,NA,NA,NA,DIGITAL EXPERIENCE ADVISOR,ANSWER CUSTOMER PHONE CALLS,64191,NA,NA,MC
EV001605,K,BANK,-9,NA,NA,NA,NA,TEAM ASSIST,TEAM ADMIN WORK,64191,NA,NA,MC
EV001636,K,BANKING AND FINANCE,-9,NA,NA,NA,NA,STOCKBROKER,DEALING IN FIXED INCLME ASSETS,64191,NA,NA,MC
EV001661,K,BANKING AND FINANCE,-9,NA,NA,NA,NA,PERSONAL BANKING MANAGER,PERSONAL BANKING,64191,NA,NA,MC
EV001722,K,BANKING SERVICES,-9,NA,NA,NA,NA,DATA DELIVERY LEAD,TECHNICAL MANAGEMENT OF COMPLEX DATA PROGRAMMES AND PROJECTS,64191,NA,NA,MC
EV001741,K,BANKING SERVICES,-9,NA,NA,NA,NA,SOFTWARE ENGINEER,SOFTWARE DEVELOPMENT   FRONTEND AND BACKEND,64191,NA,NA,MC
EV001778,S,-9,BEAUTY,NA,NA,NA,NA,HAIRDRESSER,HAIR DRESSING,96020,NA,NA,MC
EV001794,S,-9,BEAUTY,NA,NA,NA,NA,NAIL TECHNICIAN,NAILS BEAUTY,96020,NA,NA,MC
EV001803,S,-9,BEAUTY,NA,NA,NA,NA,BEAUTY THERAPIST,BEAUTY TREATMENTS,96020,NA,NA,MC
EV001812,G,-9,BEAUTY PRODUCTS,NA,NA,NA,NA,SALES AGENT,SELL PRODUCTS,46xxx,47xxx,NA,CC
EV001828,S,-9,BEAUTY TREATMENTS,NA,NA,NA,NA,BEAUTY THERAPIST,I PROVIDE BEAUTY TREATMENTS TO CLIENTS,96020,NA,NA,MC
EV001840,S,-9,BEAUTY TREATMENTS,NA,NA,NA,NA,BEAUTY THERAPIST,BEAUTY TREATMENTS,96020,NA,NA,MC
EV001843,S,-9,BEAUTY TREATMENTS,NA,NA,NA,NA,BEAUTY THERAPIST,BEAUTY THERAPY TREATMENTS,96020,NA,NA,MC
EV001846,S,-9,BEAUTY TREATMENTS,NA,NA,NA,NA,BEAUTY THERAPIST,BEAUTY TREATMENTS,96020,NA,NA,MC
EV001863,I,-9,BED   BREAKFAST,NA,NA,NA,NA,PARTNER,BED   BREAKFAST,55209,NA,NA,MC
EV001887,N,BESPOKE TRAVEL COMPANY,-9,NA,NA,NA,NA,BUSINESS ANALYST,WORK WITH THE BUSINESS TO GATHER REQUIREMENTS FOR PROPOSED CHANGE  MAP PROCESSES AND COME UP WITH SOLUTIONS TO PROBLEMS,79110,NA,NA,MC
EV001894,C,BEVERAGE MANUFACTURING,-9,NA,NA,NA,NA,FILTRATION OPERATOR,PRODUCE BEER READY FOR PACKAGING,11050,NA,NA,CC
EV001913,C,-9,BEVERAGE MANUFACTURING,NA,NA,NA,NA,DIRECTOR,RUN OTTERBECK DISTILLERY,11010,NA,NA,CC
EV001917,G,-9,BICYCLES,NA,NA,NA,NA,CYCLE REPAIRS AND SALES,BUY  REPAIR AND SELL,95290,NA,NA,CC
EV001919,M,BIOMEDICAL RESEARCH,-9,NA,NA,NA,NA,DEPUTY HEAD OF RESEARCH CONTRACTS,SUPPORT SCIENTISTS WITH RESEARCH RELATED CONTRACTS AND OTHER MATTERS,72190,NA,NA,CC
EV001921,M,BIOMEDICAL RESEARCH,-9,NA,NA,NA,NA,PRINCIPAL LABORATORY RESEARCH SCIENTIST,I PERFORM ACADEMIC NEUROSCIENCE RESEARCH AND SUPERVISE RESEARCHERS AMD GRADUATE STUDENTS,72190,NA,NA,CC
EV002014,J,-9,BROADCAST TELEVISION,NA,NA,NA,NA,SOUND TECHNICIAN,TV STUDIO SOUND WORK    RIGGING PLUGGING MICING  FISHER BOOM OPERATING,60200,NA,NA,MC
EV002042,F,-9,BUILD,NA,NA,NA,NA,GROUND WORK DRIVER,BUILDING WORK,41xxx,42xxx,43xxx,MC
EV002044,F,-9,BUILD,NA,NA,NA,NA,BUILDER,BUILD,41xxx,42xxx,43xxx,MC
EV002046,F,-9,BUILD,NA,NA,NA,NA,CARPEN,BUILD,43320,NA,NA,MC
EV002048,F,-9,BUILD,NA,NA,NA,NA,BUILDER,BUILD,41xxx,42xxx,43xxx,MC
EV002049,F,-9,BUILD,NA,NA,NA,NA,BUILDER,BUILD,41xxx,42xxx,43xxx,MC
EV002104,F,-9,BUILDER,NA,NA,NA,NA,BUILDER,BUILDING,41xxx,42xxx,43xxx,MC
EV002110,G,BUILDERS MERCHANTS,-9,NA,NA,NA,NA,COUNTER SALES ASSISTANT,SERVE CUSTOMERS IN THE SHOP AND OVER THE PHONE,4+,NA,NA,CC
EV002111,G,BUILDERS MERCHANTS,-9,NA,NA,NA,NA,SENIOR SALES,COUNTER SALES  TELEPHONE SALES  ADMIN  CREDIT CONTROL,4+,NA,NA,CC
EV002117,G,BUILDERS MERCHANTS,-9,NA,NA,NA,NA,PRICE ANALYST,ADMINISTRATION,4+,NA,NA,CC
EV002134,G,BUILDERS MERCHANTS,-9,NA,NA,NA,NA,SALES ASSISTANT,SELL BUILDING MATERIALS,4+,NA,NA,CC
EV002147,F,-9,BUILDING,NA,NA,NA,NA,CARPENTER,BUILDING,43320,NA,NA,MC
EV002151,F,-9,BUILDING,NA,NA,NA,NA,PLASTERER BUILDER,BUILDING HOUSES  RENOVATING  COMMUNICATING WITH CUSTOMERS  SOURCING SUPPL,43310,NA,NA,MC
EV002171,F,-9,BUILDING,NA,NA,NA,NA,GENERAL BUILDER,CONSTRUCTION,41xxx,42xxx,43xxx,MC
EV002200,F,-9,BUILDING,NA,NA,NA,NA,COMPANY DIRECTOR,BOOKWORK,41xxx,42xxx,43xxx,MC
EV002205,F,-9,BUILDING,NA,NA,NA,NA,BRICKLAYER,BRICKLAYING,43999,NA,NA,MC
EV002212,F,-9,BUILDING,NA,NA,NA,NA,CARPENTER,CARPENTRY,43320,NA,NA,MC
EV002251,F,BUILDING COMPANY,-9,NA,NA,NA,NA,BUILDER,JOINER,43320,NA,NA,MC
EV002308,F,BUILDING CONTRACTORS,-9,NA,NA,NA,NA,DIRECTOR,MANAGER OF THE OFFICE,41xxx,42xxx,43xxx,MC
EV002325,F,BUILDING HOUSES,-9,NA,NA,NA,NA,CIVIL ENGINEER,CIVIL ENGINEERING,41202,NA,NA,MC
EV002331,F,-9,BUILDING HOUSES,NA,NA,NA,NA,CONSTRUCTION,ERECTS ROOFS,41202,NA,NA,MC
EV002333,F,-9,BUILDING HOUSES,NA,NA,NA,NA,BRICKLAYER,BUILD HOUSES,41202,NA,NA,MC
EV002375,F,BUILDING MAINTENANCE,-9,NA,NA,NA,NA,SITE MANAGER,MANAGES BUILDING SITES,43xxx,NA,NA,MC
EV002376,F,BUILDING MAINTENANCE,-9,NA,NA,NA,NA,SCHEDULER,SCHEDULE,43xxx,NA,NA,MC
EV002394,F,-9,BUILDING MAINTENANCE,NA,NA,NA,NA,PAINTER AND DECORATOR AND BUILDING MAINTENANCE,BUILDING MAINTENANCE,43341,NA,NA,MC
EV002414,G,BUILDING MERCHANT,-9,NA,NA,NA,NA,CUSTOMER SERVICE SUPERVISOR,CUSTOMER SERVICE,4+,NA,NA,CC
EV002435,M,-9,BUILDING SERVICES ENGINEERING,NA,NA,NA,NA,CONSULTING ENGINEER,BUILDING SERVICES IN THE CONSTRUCTION INDUSTRY,711xxx,683xx,NA,CC
EV002448,K,BUILDING SOCIETY,-9,NA,NA,NA,NA,PRINCIPAL BUSINESS ANALYST,LEADS THE REVIEW AND ANALYSIS OF ICT BUSINESS INTENTIONS  SERVICES  PROCESSES AND INFORMATION NEEDS TO IDENTIFY CHANGES THAT LEAD TO BUSINESS IMPROVEMENTS,64192,NA,NA,MC
EV002502,K,BUILDING SOCIETY,-9,NA,NA,NA,NA,PROJECT MANAGER,MANAGE PROJECTS,64192,NA,NA,MC
EV002540,F,-9,BUILDING TRADE,NA,NA,NA,NA,BUILDING,FLAT ROOFS,43910,NA,NA,MC
EV002556,F,-9,BUILDING WORK,NA,NA,NA,NA,CARPENTER,CARPENTRY,43320,NA,NA,MC
EV002565,F,-9,BUILDING WORK,NA,NA,NA,NA,BUILDER,BUILDING,41xxx,42xxx,43xxx,MC
EV002591,F,-9,BUILDINGS,NA,NA,NA,NA,BUILDER,BUILD,41xxx,42xxx,43xxx,MC
EV002598,M,-9,BUILDINGS,NA,NA,NA,NA,ARCHITECT,ARCHITECTURE,71111,NA,NA,CC
EV002622,M,-9,BUSINESS ANALYSIS,NA,NA,NA,NA,BUSINESS ANALYST,BUSINESS ANALYST,-9,NA,NA,CC
EV002624,M,-9,BUSINESS ANALYSIS,NA,NA,NA,NA,BUSINESS CONSULTANCY,BUSINESS ANALYSIS,-9,NA,NA,CC
EV002755,G,-9,BUY   SELL,NA,NA,NA,NA,ANTIQUE TRADER,BUY   SELL,47791,NA,NA,CC
EV002768,G,-9,BUY AND SELL BOOKS,NA,NA,NA,NA,BOOK DEALER,BUY AND SELL BOOKS,4+,NA,NA,CC
EV002769,G,-9,BUY AND SELL BOOKS,NA,NA,NA,NA,RARE BOOK SELLER,SELL RARE BOOKS,4+,NA,NA,CC
EV002801,G,CAR DEALERSHIP,-9,NA,NA,NA,NA,SALES ADMINISTRATOR,I SORT THE SALES AND PURCHASE INVOICES OF VEHICLES  MAKE SURE WE HAVE GDPR FOR CUSTOMERS  FILL OUT ANY PAPERWORK REQUIRED AND REGISTER NEW CARS,4511x,NA,NA,CC
EV002816,G,CAR DEALERSHIP,-9,NA,NA,NA,NA,SERVICE ADVISOR,DEALING WITH WITH PUBLIC IN THE CAR INDUSTRY,4511x,NA,NA,CC
EV002817,G,CAR DEALERSHIP,-9,NA,NA,NA,NA,MANAGEMENT ACCOUNTANT,ACCOUNTS,4511x,NA,NA,CC
EV002827,G,CAR DEALERSHIP,-9,NA,NA,NA,NA,DIAG TECHNICIAN,MECHANIC,4511x,NA,NA,CC
EV002836,G,CAR DEALERSHIP,-9,NA,NA,NA,NA,HEALTH AND SAFETY MANAGER,HEALTH AND SAFETY,4511x,NA,NA,CC
EV002848,C,CAR MANUFACTURER,-9,NA,NA,NA,NA,SECURITY CONTROLLER,MANAGE THE CONTROL ROOM INCLUDING CCTV,29100,NA,NA,MC
EV002863,C,CAR MANUFACTURER,-9,NA,NA,NA,NA,COST ENGINEERING SENIOR MANAGER,ENSURE NEW PROGRAMMES ARE DELIVERED ON TARGET THROUGH DEPLOYMENT OF COST METHODOLOGIES,29100,NA,NA,MC
EV002880,C,CAR MANUFACTURER,-9,NA,NA,NA,NA,MANUFACTURING,QUALITY,29100,NA,NA,MC
EV002891,C,CAR MANUFACTURER,-9,NA,NA,NA,NA,FACTORY OPERATIVE,FORKLIFT DRIVER,29100,NA,NA,MC
EV002899,C,CAR MANUFACTURING,-9,NA,NA,NA,NA,TRIM DEVELOPER,DEVELOPMENT OF SEATS FROM DESIGN TO PRODUCTION,29100,NA,NA,MC
EV002903,C,CAR MANUFACTURING,-9,NA,NA,NA,NA,INDUSTRIAL ENGINEER,PHYSICAL TIME STUDIES  PROCESS ALLOCATION  ERGONOMIC STUDIES  MACHINE CYCLE CHARTS AND WORK STANDARDS DELIVERING HIGHLY TECHNICAL PROJECTS DELIVERED BY CROSS FUNCTIONAL TEAM  THROUGH  INDUSTRIAL ENGINEERING PRACTICES  THE ENGINEERING SKILLS AND SYSTEMS REQUIRED TO DELIVER ROBUST  SAFE PROCESSES THAT CONSISTENTLY MEET QUALITY AND PRODUCTIVITY REQUIREMENTS,29100,NA,NA,MC
EV002904,C,CAR MANUFACTURING,-9,NA,NA,NA,NA,PRODUCTION OPERATIVE  BUY OFF WORKER,BUILDING CARS  CHECKING THE QUALITY,29100,NA,NA,MC
EV002907,C,CAR MANUFACTURING,-9,NA,NA,NA,NA,FIRST LINE MANAGER,WAREHOUSE LOGISTICS,29100,NA,NA,MC
EV002908,C,CAR MANUFACTURING,-9,NA,NA,NA,NA,ANALYST,ORICING CARS,29100,NA,NA,MC
EV002944,G,CAR REPAIR GARAGE,-9,NA,NA,NA,NA,MECHANIC,MOT TESTER AND FIXES CARS,45200,NA,NA,CC
EV002949,G,-9,CAR SALES,NA,NA,NA,NA,SALES EXECUTIVE,SALES,4511x,NA,NA,CC
EV002953,G,-9,CAR SALESMAN AT A UNIT OUTL,NA,NA,NA,NA,SALE,CAR SAL,5611x,NA,NA,CC
EV002955,G,CARAVAN SALES,-9,NA,NA,NA,NA,SALES MANAGER,SALES MANAGER,45190,NA,NA,CC
EV003016,Q,CARE AND SUPPORT,-9,NA,NA,NA,NA,SUPPORT WORKER FOR ADULTS WITH AUTISM AND CHALLENGING BEHAVIOUR,PERSONAL CARE  MEDICATION ACTIVITIES COOKING SHOPPING MEETING THE NEEDS OF INDIVIDUALS,88100,NA,NA,CC
EV003054,Q,-9,CARE FOR CHILDREN,NA,NA,NA,NA,FOSTER PARENT,CARE FOR CHILDREN 24 7,87900,NA,NA,CC
EV003100,Q,CARE HOME FOR THE ELDERLY,-9,NA,NA,NA,NA,SECOND CHEF,PREPAIRS MEALS FOR RESIDENTS OF CARE HOME  SUPERVISING OTHER STAFF  FOOD HYGIENE DUTIES ETC,87300,NA,NA,MC
EV003106,Q,CARE HOME PROVIDER,-9,NA,NA,NA,NA,HR ADVISOR,ADVISE ON RECRUITMENT  GRIEVANCES  PAYROLL,87xxx,NA,NA,MC
EV003119,Q,CARE IN THE COMMUNITY,-9,NA,NA,NA,NA,CARE ASSISTANT   COMMUNITY,CARE FOR THE ELDERLY IN THEIR OWN HOMES,88100,NA,NA,MC
EV003139,Q,CARE OF THE ELDERLY,-9,NA,NA,NA,NA,REGISTERED GENERAL NURSE,CARE OF ELDERLY,8610x,86900,87100,CC
EV003241,F,-9,CARPENTRY,NA,NA,NA,NA,SCENERY CARPENTER,CARPENTRY,43320,NA,NA,MC